first_name,gender
Frunch,male
Mes,male
Willah,female
Adria,male
Guyne,female
Darlie,female
Bobbyn,unknown
Alaton,unknown
Arkard,male
Muffs,female
Genee,female
Andace,male
Preo,male
Alik,male
Wheard,unknown
Whark,unknown
Ars,male
Seginon,unknown
Beneb,female
Sadra,male
Sarid,male
Goros,male
Proxima,male
Maryne,female
Duhrid,unknown
Jumars,male
Hont,male
Artis,male
Lina,female
Tonioe,unknown
Emilla,female
Anae,female
Lios,male
Croo,male
Jerek,male
Anda,female
Luxion,male
Sadine,female
Tabih,unknown
Zinor,female
Unukath,unknown
Arkar,male
Gorab,male
Alzird,unknown
Hamak,male
Kimena,female
Annon,male
Canonon,unknown
Markton,male
Teronan,unknown
Rotanin,unknown
Rasaleh,unknown
Antino,male
Bra,female
Bony,male
Eduana,female
Byrona,male
Russey,unknown
Morms,unknown
Toniel,male
Clues,male
Lan,female
Hones,male
Powhex,unknown
Katiey,female
Caphird,unknown
Leneva,unknown
Eilace,unknown
Karay,male
Hollie,female
Gerly,female
Irmark,unknown
Everly,female
Julin,male
Wat,male
Bara,female
Kirky,male
Sumpix,unknown
Winon,female
Herina,female
Repart,male
Izares,female
Sceros,female
Dirius,unknown
Eang,female
Almino,male
Krab,male
Alcorux,unknown
Alyadum,unknown
Shamak,male
Duhratz,unknown
Tot,male
Izarkab,unknown
Rosiey,female
Hocks,male
Okulk,unknown
Marin,male
Coxaton,unknown
Skyrmak,unknown
Alcorix,unknown
Benja,male
Chary,female
Weers,unknown
Gordo,male
Tark,male
Samany,female
Tors,male
Lynnie,female
Lychex,unknown
Oahars,unknown
Rankie,male
Cor,male
Prabon,unknown
Paulia,female
Ronne,male
Salley,female
Errima,unknown
Hyaduma,unknown
Neutrin,male
Ankark,unknown
Ankabih,unknown
Arid,male
Lis,female
Giedion,unknown
Enifak,unknown
Elenna,female
Vina,female
Lorey,female
Duckes,unknown
Kencey,unknown
Terina,female
Vanard,male
Jeane,female
Jayrin,female
Joanry,unknown
Dorice,female
Eristy,male
Weznif,unknown
Raceky,unknown
Zauri,male
Rayne,male
Tyrony,unknown
Daisya,female
Lavey,female
Marily,female
Diandi,male
Deanny,female
Phernar,unknown
Sallos,male
Rayle,female
Estina,female
Arin,male
Quarkib,unknown
Askedus,unknown
Pokix,male
Jordy,male
Muonan,unknown
Elicia,female
Pennie,female
Sanda,female
Claura,female
Line,female
Heryle,unknown
Sesh,male
Iria,female
Alam,male
Sall,male
Zavior,male
Solaron,unknown
Allota,unknown
Jurbet,unknown
Bleark,unknown
Donut,female
Fams,male
Tyog,unknown
Cocowl,unknown
Calvia,female
Alicey,female
Yola,female
Kerryn,female
Gibil,unknown
Emoles,unknown
Lestie,female
Therry,male
Wenny,female
Eillis,unknown
Clers,female
Monald,male
Amela,female
Juline,female
Elicey,unknown
Ine,female
Sylvin,male
Thery,male
Diskeon,unknown
Gies,male
Cin,female
Hekaron,unknown
Decruxa,unknown
Coxatik,unknown
Choney,female
Tauxon,unknown
Cheats,male
Anakes,male
Lynnon,unknown
Stanya,female
Alballa,unknown
Carold,male
Alcyon,male
Shalle,male
Jarena,female
Nelle,female
Vick,male
Alley,male
Minies,male
Ainor,female
Whee,male
Gerry,male
Gerek,male
Agnesa,female
Allara,female
Marky,male
Felia,female
Thelix,unknown
Propsh,unknown
Hadiram,unknown
Atrinon,unknown
Saxinon,unknown
Jaimez,male
Troya,male
Leene,female
Annez,female
Mabela,female
Slix,male
Caiah,unknown
Krazet,male
Apix,male
Hone,male
Racyle,male
Billey,male
Armene,female
Vanley,male
Alhair,male
Magnon,male
Whers,unknown
Benda,male
Vandy,male
Beathy,female
Coxark,unknown
Ashira,female
Schird,unknown
Zaurion,unknown
Arino,male
Castork,unknown
Neshath,unknown
Brina,female
Axionif,unknown
Herms,male
Dia,female
Letta,female
Cheddin,unknown
Nesham,male
Sheleb,unknown
Burbix,female
Tonald,male
Ranan,male
Olgary,unknown
Timyra,unknown
Therly,female
Gretty,female
Sex,male
Wins,male
Ambert,male
Mesh,male
Weion,unknown
Altara,unknown
Megany,female
Delody,unknown
Gomeron,male
Sugark,male
Jeandy,female
Sadirab,unknown
Cellah,unknown
Zinoth,unknown
Plas,male
Alaslon,unknown
Froder,male
Delley,male
Penne,male
Julion,male
Apuffs,unknown
Lucan,male
Cary,female
Sallie,female
Joyn,female
All,male
Viviay,female
Crisey,female
Cheliak,unknown
Gluebah,unknown
Candyn,female
Mirakis,unknown
Dirfak,unknown
Okulus,unknown
Gracia,female
Ianne,female
Marlly,female
Heald,unknown
Louisa,female
Powl,male
Anton,male
Lesaten,unknown
Alramak,unknown
Pattin,male
Gaylah,male
Luison,male
Jele,female
Tabbah,male
Alark,male
Belly,male
Janee,female
Marynk,female
Philia,female
Dscha,female
Bryany,male
Alatrin,unknown
Asellan,unknown
Alduson,unknown
Sadir,male
Janne,male
Henryn,male
Brie,female
Algedia,unknown
Marf,male
Olliey,unknown
Eriey,unknown
Sonard,unknown
Cray,male
Jur,male
Lles,female
Mabley,male
Weaffs,unknown
Giedia,unknown
Beals,unknown
Latsts,unknown
Kene,male
Prah,male
Dianya,female
France,female
Natha,female
Marine,female
Elfs,female
Lopedo,unknown
Stoate,unknown
Slig,female
Andra,female
Annaha,female
Tostex,unknown
Thel,female
Karene,female
Chon,male
Ellana,female
Altares,male
Alvia,female
Poselk,unknown
Ral,male
Hoces,female
Fow,male
Gorice,male
Sergia,female
Gabria,female
Clech,female
Eltaird,unknown
Coreen,female
Cheeet,unknown
Prish,female
Ivanne,female
Ollip,male
Allia,female
Barkix,unknown
Karlen,male
Zinonon,unknown
Alrairk,unknown
Grawk,unknown
Taraid,unknown
Brance,male
Pulchib,unknown
Ranons,unknown
Milda,male
Ralda,female
Willey,male
Adrie,male
Apench,unknown
Burs,male
Shood,female
Sumpid,unknown
Skatik,unknown
Ruchban,unknown
Thondy,unknown
Yilduno,unknown
Ernard,male
Cherry,female
Beula,female
Tabdhib,unknown
Polah,female
Atonea,unknown
Nasliak,unknown
Clarry,female
Andie,female
Lanedy,male
Dow,female
Gratsp,unknown
Ricard,male
Mos,male
Gemmam,female
Axionon,unknown
Lesat,female
Poloos,unknown
Jillie,female
Wealke,unknown
Genubik,unknown
Sterion,unknown
Beal,male
Batenar,unknown
Asellum,unknown
Luxons,unknown
Beten,male
Polluma,unknown
Alaron,male
Geons,female
Elebara,unknown
Enibah,unknown
Elsane,unknown
Lish,female
Murzima,unknown
Lindy,female
Evendy,male
Kimmie,female
Alyat,female
Heersh,male
Cellex,male
Igrish,unknown
Wezna,female
Elenay,female
Karlie,female
Janney,female
Lawren,male
Koat,male
Sta,male
Prow,female
Netty,female
Bens,male
Gers,male
Harlos,unknown
Monard,male
Paulah,female
Jacats,unknown
Debony,male
Joelan,male
Stisps,unknown
Antony,male
Alatik,male
Girtan,male
Dira,female
Cornys,unknown
Rone,male
Mergak,unknown
Comats,unknown
Bonya,female
Kies,male
Candy,female
Keidus,unknown
Gileen,female
Ninald,unknown
Tamin,male
Ter,male
Naish,male
Dorey,male
Brada,male
Yolana,female
Leondy,unknown
Carley,female
Golaron,unknown
Nunkib,unknown
Analdy,male
Alber,male
Meal,male
Eila,female
Glasey,unknown
Minus,male
Eet,male
Caphirk,unknown
Mariton,female
Alchird,unknown
Preonon,unknown
Phacton,unknown
Sabiton,unknown
Winork,unknown
Enryn,unknown
Minon,female
Alsafik,unknown
Arrai,male
Stey,male
Guits,male
Chelik,male
Smonch,unknown
Sil,female
Derry,male
Goldch,unknown
Dhena,female
Mahamak,unknown
Glene,female
Dwin,male
Benebah,unknown
Quid,male
Majoth,unknown
Alinon,male
Joycey,female
Etha,female
Coxak,unknown
Wafox,male
Oafron,unknown
Grafik,male
Branasl,unknown
Nusoton,unknown
Sups,male
Wor,male
Ireene,female
Con,male
Snoles,unknown
Acceleb,unknown
Sheratz,male
Luxinon,unknown
Berta,female
Made,male
Lardy,male
Alphact,unknown
Adammy,unknown
Cindee,female
Neutrix,unknown
Lies,female
Ban,male
Res,male
Treynx,unknown
Carde,male
Want,male
Pikes,male
Ries,male
Oakes,male
Unch,female
Vere,female
Garion,male
Homamin,unknown
Zedark,unknown
Ainoxa,unknown
Yolas,male
Rassias,male
Tarah,female
Idave,male
Sadlam,male
Sealfs,unknown
Apies,male
Kendre,female
Alrais,male
Tach,male
Meratz,male
Mesonon,unknown
Swoass,unknown
Wally,male
Kris,male
Rank,male
Jacki,female
Adamie,male
Lillia,female
Eleon,female
Navior,unknown
Lilly,female
Gracey,female
Jabbab,unknown
Castram,unknown
Honey,female
Pank,male
Shelik,unknown
Daven,male
Rena,female
Misa,female
Pies,male
Relix,male
Worms,male
Maryn,female
Quarkab,unknown
Felice,male
Rancy,female
Noria,female
Jodia,female
Bosonan,unknown
Dabiton,unknown
Swack,unknown
Manth,female
Helle,female
Jodip,unknown
Royce,male
Jilly,female
Eggies,unknown
Mark,male
Naschab,unknown
Libers,unknown
Heidie,female
Guink,unknown
Matty,male
Bobina,female
Racily,unknown
Callix,male
Oraine,female
Aleroy,female
Yogal,female
Alteron,male
Gatrin,male
Stelly,female
Asch,male
Tarrak,male
Darrie,male
Genons,male
Bottom,male
Furudra,unknown
Taurius,male
Boon,male
Hock,male
Therek,male
Corse,male
Wifel,unknown
Smark,male
Shain,male
Popow,female
Terops,unknown
Sadirk,unknown
Apsps,unknown
Margio,male
Lonnez,unknown
Iononus,unknown
Mesatik,unknown
Dilath,male
Cowlat,unknown
Hammet,male
Smats,male
Trisp,unknown
Acruxon,unknown
Jonard,male
Berly,female
Grey,male
Coats,female
Gabrie,male
Suhain,male
Gleney,male
Benry,male
Monch,male
Jeanna,female
Loisey,unknown
Lyney,unknown
Lloyde,male
Eddiey,male
Celis,male
Pefox,male
Goleer,unknown
Caw,male
Photope,unknown
Jimmyn,male
Taban,male
Tany,female
Min,male
Jeanie,female
Tabiton,unknown
Florey,female
Cints,female
Amandy,female
Pent,male
Sadirux,unknown
Tarino,male
Swaffs,unknown
Phecca,unknown
Ankaan,male
Blakes,male
Kraban,male
Ankab,male
Hadirah,female
Panter,male
Jord,male
Tracia,female
Charga,female
Cink,male
Acraban,unknown
Nilly,female
Wafros,unknown
Mitch,male
Rowl,male
Ritey,female
Solark,male
Saiphda,unknown
Krios,male
Antak,male
Bakix,unknown
Minoces,unknown
Kitakan,unknown
Shaiaz,unknown
Berk,male
Aarjel,unknown
Seat,male
Chones,female
Lorice,female
Eloos,female
Jaye,male
Aps,male
Trice,female
Stax,male
Gech,male
Wal,male
Zedares,male
Heila,female
Mall,male
Jamela,female
Sce,male
Backse,unknown
Fres,male
Dous,male
Spies,male
Colle,female
Katen,female
Pech,male
Eggers,male
Letty,female
Life,male
Herita,female
Womel,unknown
Dorie,female
Golve,male
Fery,male
Karley,female
Alphah,male
Ech,male
Jennyn,female
Inerry,unknown
Lonna,female
Vuls,unknown
Ellie,female
Bosoneb,unknown
Healls,unknown
Munda,male
Stancy,female
Carlen,male
Chrets,unknown
Mon,female
Harvin,male
Alphein,unknown
Fayel,male
Des,male
Rosts,male
Terion,male
Dwigh,unknown
Prope,unknown
Mard,male
Antinon,unknown
Kabiak,unknown
Nasl,female
Allyn,female
Sarino,male
Auvab,unknown
Wings,male
Quan,male
Yolace,male
Swink,male
Vivers,unknown
Alathim,unknown
Maasyma,unknown
Maurie,female
Pamont,unknown
Acrabih,unknown
Azhab,unknown
Diskeh,unknown
Betenar,unknown
Shellum,unknown
Jihoton,unknown
Yalmon,male
Blanda,female
Lorie,female
Blat,male
Kadown,unknown
Stra,male
Auvair,unknown
Julies,female
Sargin,male
Kelle,female
Taurion,unknown
Almelik,unknown
Ming,male
Blers,unknown
Caseya,unknown
Zinon,male
Par,male
Marix,female
Blance,female
Stalie,male
Peefox,unknown
Eline,female
Hog,male
Stech,male
Misaleh,unknown
Jenn,female
Coley,male
Guyl,female
Toal,male
Berna,female
Batrix,female
Blus,male
Jilley,female
Atonib,unknown
Enib,female
Tig,male
Dary,male
Alarmus,unknown
Saleh,male
Nice,male
Antitak,unknown
Mara,female
Cruis,male
Vitax,male
Herry,male
Samana,female
Mone,female
Caiamin,unknown
Zubeneb,unknown
Syrmino,unknown
Bonne,male
Algenif,unknown
Luxab,unknown
Swal,male
Stsan,unknown
Wallyn,male
Kenny,male
Frohs,female
Honda,male
Besse,male
Chtios,unknown
Cinda,female
Coakey,unknown
Clow,female
Zosmas,unknown
Olly,male
Beres,male
Elerops,unknown
Smarve,unknown
Daley,male
Celina,female
Rose,female
Weessh,unknown
Skies,male
Wase,male
Cole,male
Ela,female
Pot,male
Leria,female
Gayla,female
Frunad,unknown
Terry,male
Ungles,unknown
Amyra,female
Shamark,unknown
Sweal,male
Dakes,male
Komos,male
Mesaton,unknown
Eltais,unknown
Fomalik,unknown
Kurta,male
Taux,male
Vanez,female
Mardach,unknown
Masal,female
Mirara,female
Ally,female
Sha,female
Vin,male
Rhonya,unknown
Colax,male
Beide,male
Ebonya,female
Pants,male
Lig,male
Shersp,unknown
Marvey,male
Rossie,female
Coyal,unknown
Poot,male
Nios,male
Zosmark,unknown
Vane,female
Hen,male
Spros,unknown
Gocock,unknown
Yvonna,female
Brence,male
Luxonon,unknown
Zedarga,unknown
Genif,unknown
Tabik,male
Denuts,male
Achium,unknown
Dsch,male
Gimpus,unknown
Stendy,male
Nuscham,unknown
Sadaton,unknown
Jonaye,male
Guar,male
Mesarid,unknown
Ivanna,female
Joeula,unknown
Wayney,male
Dorah,female
Coate,male
Mareson,unknown
Geneen,female
Sabit,male
Hilly,female
Ale,male
Fispot,unknown
Smals,male
Guls,female
Juane,male
Muonus,unknown
Castra,male
Mayne,female
Fisps,unknown
Sters,male
Unchal,unknown
Crisp,male
Racey,male
Gatrino,unknown
Keidhma,unknown
Astula,unknown
Thallah,unknown
Sabiark,unknown
Alino,male
Tive,male
Eltard,unknown
Bants,male
Chex,male
Ionium,male
Hene,male
Megrezn,unknown
Clindy,female
Mesarga,unknown
Wolous,unknown
Cranch,female
Joanie,female
Billa,male
Ermank,male
Cellus,male
Shabih,male
Jenne,female
Alar,male
Alrak,female
Cint,female
Fal,male
Vanie,female
Dies,male
Gut,male
Eriana,female
Floyde,male
Leahy,female
Ray,male
Regory,male
Crowls,male
Challa,male
Evey,female
Son,male
Becca,female
Luisy,female
Coos,male
Hekabih,unknown
Tibers,unknown
